{
  "Naive Bayes": {
    "accuracy": 0.5180722891566265,
    "precision": 0.5340725401606425,
    "recall": 0.5180722891566265,
    "f1": 0.4656446925915042,
    "cv_accuracy": 0.46894508999772155,
    "best_params": {
      "alpha": 0.1
    },
    "confusion_matrix": [
      [
        41,
        1,
        0,
        7,
        0,
        2,
        0,
        0
      ],
      [
        7,
        0,
        1,
        1,
        0,
        0,
        0,
        0
      ],
      [
        8,
        0,
        6,
        4,
        0,
        1,
        0,
        0
      ],
      [
        6,
        0,
        0,
        31,
        0,
        4,
        0,
        0
      ],
      [
        2,
        0,
        0,
        5,
        2,
        1,
        0,
        0
      ],
      [
        7,
        0,
        1,
        13,
        0,
        5,
        0,
        0
      ],
      [
        0,
        0,
        0,
        1,
        0,
        1,
        0,
        0
      ],
      [
        4,
        0,
        0,
        2,
        0,
        1,
        0,
        1
      ]
    ]
  },
  "Logistic Regression": {
    "accuracy": 0.5120481927710844,
    "precision": 0.46348476613219797,
    "recall": 0.5120481927710844,
    "f1": 0.47952327057959315,
    "cv_accuracy": 0.46748689906584645,
    "best_params": {
      "C": 1.0
    },
    "confusion_matrix": [
      [
        37,
        2,
        0,
        7,
        1,
        1,
        0,
        3
      ],
      [
        5,
        0,
        2,
        1,
        0,
        0,
        0,
        1
      ],
      [
        4,
        1,
        7,
        4,
        1,
        2,
        0,
        0
      ],
      [
        5,
        0,
        1,
        30,
        1,
        4,
        0,
        0
      ],
      [
        1,
        0,
        1,
        5,
        1,
        2,
        0,
        0
      ],
      [
        5,
        0,
        2,
        8,
        2,
        9,
        0,
        0
      ],
      [
        1,
        0,
        0,
        1,
        0,
        0,
        0,
        0
      ],
      [
        2,
        0,
        1,
        1,
        0,
        3,
        0,
        1
      ]
    ]
  },
  "SVM": {
    "accuracy": 0.5301204819277109,
    "precision": 0.48551946918107214,
    "recall": 0.5301204819277109,
    "f1": 0.461117196056955,
    "cv_accuracy": 0.4690020505809979,
    "best_params": {
      "C": 0.1
    },
    "confusion_matrix": [
      [
        42,
        1,
        0,
        8,
        0,
        0,
        0,
        0
      ],
      [
        8,
        0,
        0,
        1,
        0,
        0,
        0,
        0
      ],
      [
        7,
        0,
        5,
        5,
        0,
        2,
        0,
        0
      ],
      [
        5,
        0,
        0,
        34,
        0,
        2,
        0,
        0
      ],
      [
        3,
        0,
        0,
        5,
        0,
        2,
        0,
        0
      ],
      [
        5,
        0,
        1,
        13,
        0,
        6,
        0,
        1
      ],
      [
        1,
        0,
        0,
        1,
        0,
        0,
        0,
        0
      ],
      [
        4,
        0,
        0,
        2,
        0,
        1,
        0,
        1
      ]
    ]
  }
}