{
  "Naive Bayes": {
    "accuracy": 0.524390243902439,
    "precision": 0.49376856461532026,
    "recall": 0.524390243902439,
    "f1": 0.4778686754876442,
    "cv_accuracy": 0.5022900763358779,
    "best_params": {
      "alpha": 0.1
    },
    "confusion_matrix": [
      [
        42,
        1,
        1,
        6,
        0,
        1,
        0,
        0
      ],
      [
        5,
        0,
        1,
        3,
        0,
        0,
        0,
        0
      ],
      [
        8,
        0,
        6,
        4,
        0,
        1,
        0,
        0
      ],
      [
        10,
        0,
        1,
        25,
        0,
        3,
        0,
        0
      ],
      [
        1,
        0,
        1,
        3,
        2,
        2,
        0,
        0
      ],
      [
        7,
        0,
        0,
        10,
        0,
        11,
        0,
        0
      ],
      [
        1,
        0,
        0,
        1,
        0,
        0,
        0,
        0
      ],
      [
        3,
        0,
        1,
        1,
        0,
        2,
        0,
        0
      ]
    ]
  },
  "Logistic Regression": {
    "accuracy": 0.4817073170731707,
    "precision": 0.4447162810697227,
    "recall": 0.4817073170731707,
    "f1": 0.44768728972815436,
    "cv_accuracy": 0.49160305343511446,
    "best_params": {
      "C": 1.0
    },
    "confusion_matrix": [
      [
        41,
        2,
        0,
        4,
        2,
        1,
        0,
        1
      ],
      [
        5,
        0,
        2,
        1,
        0,
        0,
        0,
        1
      ],
      [
        3,
        2,
        7,
        5,
        0,
        2,
        0,
        0
      ],
      [
        11,
        0,
        2,
        21,
        0,
        5,
        0,
        0
      ],
      [
        1,
        0,
        0,
        3,
        2,
        3,
        0,
        0
      ],
      [
        9,
        0,
        1,
        11,
        0,
        7,
        0,
        0
      ],
      [
        0,
        0,
        0,
        1,
        0,
        1,
        0,
        0
      ],
      [
        3,
        0,
        1,
        1,
        0,
        1,
        0,
        1
      ]
    ]
  },
  "SVM": {
    "accuracy": 0.49390243902439024,
    "precision": 0.4600718412844506,
    "recall": 0.49390243902439024,
    "f1": 0.4247132865952476,
    "cv_accuracy": 0.49465648854961836,
    "best_params": {
      "C": 0.1
    },
    "confusion_matrix": [
      [
        45,
        1,
        0,
        5,
        0,
        0,
        0,
        0
      ],
      [
        8,
        0,
        0,
        1,
        0,
        0,
        0,
        0
      ],
      [
        7,
        0,
        5,
        5,
        0,
        2,
        0,
        0
      ],
      [
        11,
        0,
        2,
        25,
        0,
        1,
        0,
        0
      ],
      [
        4,
        0,
        0,
        4,
        0,
        1,
        0,
        0
      ],
      [
        11,
        0,
        1,
        11,
        0,
        5,
        0,
        0
      ],
      [
        1,
        0,
        0,
        1,
        0,
        0,
        0,
        0
      ],
      [
        3,
        0,
        1,
        1,
        0,
        1,
        0,
        1
      ]
    ]
  }
}